County,Republican Number,Republican Percent,Democratic Number,Democratic Percent,NPA Number,NPA Percent,Total Number
Alachua,48936,29.34%,74355,44.57%,37606,22.54%,166813
Baker,12736,71.12%,2818,15.74%,1876,10.48%,17909
Bay,75440,58.66%,24004,18.66%,23618,18.36%,128612
Bradford,10879,64.33%,3474,20.54%,1982,11.72%,16912
Brevard,207959,46.54%,112532,25.18%,107121,23.97%,446830
Broward,281540,23.65%,522246,43.87%,356733,29.96%,1190545
Calhoun,4908,64.55%,1853,24.37%,738,9.71%,7603
Charlotte,85659,54.96%,29817,19.13%,33061,21.21%,155869
Citrus,72313,59.60%,20917,17.24%,22763,18.76%,121333
Clay,88903,56.95%,31571,20.23%,29145,18.67%,156097
Collier,147044,55.37%,51519,19.40%,58324,21.96%,265569
Columbia,24577,59.05%,9518,22.87%,6121,14.71%,41618
DeSoto,8356,52.02%,4120,25.65%,3044,18.95%,16064
Dixie,6887,68.40%,1585,15.74%,1324,13.15%,10068
Duval,239441,36.58%,247055,37.75%,143162,21.87%,654507
Escambia,100313,48.41%,59990,28.95%,38999,18.82%,207212
Flagler,51674,51.41%,23703,23.58%,20678,20.57%,100506
Franklin,4111,54.00%,2121,27.86%,1089,14.30%,7613
Gadsden,6013,22.36%,17492,65.06%,2854,10.61%,26887
Gilchrist,9252,71.22%,1698,13.07%,1521,11.71%,12991
Glades,4121,59.99%,1424,20.73%,1089,15.85%,6869
Gulf,7295,65.15%,2241,20.01%,1268,11.32%,11198
Hamilton,3787,52.96%,2315,32.37%,817,11.42%,7151
Hardee,6649,57.71%,2486,21.58%,1978,17.17%,11521
Hendry,9530,49.02%,5630,28.96%,3663,18.84%,19443
Hernando,71498,51.82%,30621,22.19%,29953,21.71%,137969
Highlands,35209,55.61%,13659,21.57%,11714,18.50%,63313
Hillsborough,298040,36.23%,276668,33.63%,216126,26.27%,822616
Holmes,8502,74.24%,1472,12.85%,1195,10.43%,11452
Indian River,63680,53.20%,26531,22.17%,24033,20.08%,119696
Jackson,16306,59.35%,7824,28.48%,2661,9.69%,27474
Jefferson,4780,47.66%,3837,38.26%,1161,11.58%,10029
Lafayette,3338,78.14%,592,13.86%,271,6.34%,4272
Lake,135741,47.88%,70308,24.80%,66530,23.47%,283483
Lee,249963,49.58%,109034,21.62%,126091,25.01%,504205
Leon,54666,29.65%,88090,47.77%,35628,19.32%,184389
Levy,18946,62.28%,6142,20.19%,4068,13.37%,30423
Liberty,2951,64.00%,1155,25.05%,479,10.39%,4611
Madison,5307,50.37%,3879,36.81%,1213,11.51%,10537
Manatee,143728,49.94%,68630,23.84%,65264,22.67%,287825
Marion,140483,51.81%,68071,25.10%,51363,18.94%,271152
Martin,63968,54.66%,24155,20.64%,23585,20.15%,117038
Miami-Dade,461278,35.23%,416258,31.79%,396364,30.27%,1309507
Monroe,25179,45.99%,14753,26.94%,12529,22.88%,54753
Nassau,50047,61.01%,13786,16.81%,14807,18.05%,82035
Okaloosa,86768,58.49%,24664,16.63%,30997,20.90%,148341
Okeechobee,12519,60.06%,4328,20.76%,3105,14.90%,20843
Orange,227762,27.81%,319568,39.02%,238831,29.16%,819051
Osceola,71546,30.18%,83856,35.37%,71265,30.06%,237095
Palm Beach,305371,34.37%,313697,35.31%,233573,26.29%,888502
Pasco,184875,45.39%,101841,25.00%,102068,25.06%,407299
Pinellas,243579,39.72%,193129,31.49%,152773,24.91%,613291
Polk,193786,42.21%,134055,29.20%,112130,24.42%,459123
Putnam,26207,57.78%,10668,23.52%,6985,15.40%,45357
Santa Rosa,92176,63.89%,21009,14.56%,25625,17.76%,144275
Sarasota,165590,49.60%,81809,24.50%,73854,22.12%,333878
Seminole,122081,35.59%,108527,31.64%,98499,28.72%,342986
St. Johns,136277,55.95%,49162,20.18%,50102,20.57%,243583
St. Lucie,96068,39.05%,81304,33.05%,57538,23.39%,245996
Sumter,78636,60.45%,23667,18.19%,23464,18.04%,130077
Suwannee,17356,64.31%,5135,19.03%,3473,12.87%,26988
Taylor,7627,64.93%,2829,24.08%,978,8.33%,11746
Union,5012,68.43%,1481,20.22%,669,9.13%,7324
Volusia,174674,43.51%,107031,26.66%,101981,25.40%,401492
Wakulla,14503,55.96%,6327,24.41%,4056,15.65%,25915
Walton,43915,68.70%,7809,12.22%,9722,15.21%,63922
Washington,10282,68.73%,2586,17.28%,1724,11.52%,14961